transaction_id,customer_id,kyc_verified,account_age_days,transaction_amount,channel,timestamp,is_fraud
TXN_10000,CUST_935,Yes,1937,38091.19,ATM,2025-03-25 21:32,1
TXN_10001,CUST_170,No,1285,5201.35,Web,2025-05-05 23:28,1
TXN_10002,CUST_878,No,682,4456.13,Web,2025-08-16 02:24,0
TXN_10003,CUST_645,No,362,21605.88,POS,2025-06-07 09:29,1
TXN_10004,CUST_884,Yes,834,27893.55,POS,2025-06-11 04:55,0
TXN_10005,CUST_228,No,1292,25670.8,POS,2025-02-12 20:51,0
TXN_10006,CUST_231,No,1544,5254.32,Web,2025-08-26 10:26,0
TXN_10007,CUST_775,No,1755,4571.98,ATM,2025-06-11 19:36,1
TXN_10008,CUST_586,No,642,27755.57,Web,2025-04-14 02:05,1
TXN_10009,CUST_662,No,1245,29886.54,POS,2025-02-11 10:14,0
TXN_10010,CUST_269,No,718,39243.49,POS,2025-03-22 10:41,1
TXN_10011,CUST_371,Yes,1068,43199.54,POS,2025-03-16 22:17,1
TXN_10012,CUST_640,Yes,1726,715.8,POS,2025-06-04 20:25,1
TXN_10013,CUST_993,No,1073,20749.12,POS,2025-03-11 14:49,1
TXN_10014,CUST_721,No,1120,38980.54,POS,2025-08-09 11:47,1
TXN_10015,CUST_533,No,1033,36269.71,Mobile,2025-05-31 16:28,0
TXN_10016,CUST_316,Yes,1481,28020.87,Mobile,2025-04-16 05:11,1
TXN_10017,CUST_652,Yes,1182,49637.24,Mobile,2025-08-07 00:08,0
TXN_10018,CUST_873,Yes,643,12212.85,Web,2025-07-06 07:42,1
TXN_10019,CUST_847,Yes,1002,26103.12,ATM,2025-03-06 23:44,0
TXN_10020,CUST_806,No,1700,34297.27,POS,2025-07-11 02:13,0
TXN_10021,CUST_305,Yes,64,8558.14,Mobile,2025-02-12 12:06,0
TXN_10022,CUST_830,Yes,784,13519.06,Web,2025-01-25 02:59,1
TXN_10023,CUST_419,No,708,13493.5,ATM,2025-08-13 15:35,1
TXN_10024,CUST_508,No,1409,7382.15,POS,2025-01-14 00:49,0
TXN_10025,CUST_787,No,254,8443.65,POS,2025-04-12 16:48,1
TXN_10026,CUST_765,Yes,883,13870.5,ATM,2025-01-22 03:16,0
TXN_10027,CUST_482,No,1225,15057.64,ATM,2025-06-08 04:05,0
TXN_10028,CUST_548,No,660,39155.06,ATM,2025-06-17 12:19,1
TXN_10029,CUST_629,Yes,1661,18120.13,Web,2025-02-28 07:47,1
TXN_10030,CUST_562,No,1870,47216.69,Mobile,2025-03-14 14:40,1
TXN_10031,CUST_223,No,1515,36072.88,POS,2025-02-02 04:33,1
TXN_10032,CUST_353,No,1816,24840.54,Mobile,2025-08-03 05:01,0
TXN_10033,CUST_330,No,1439,30871.77,ATM,2025-01-09 21:22,1
TXN_10034,CUST_165,No,1318,22947.3,POS,2025-08-09 10:55,1
TXN_10035,CUST_446,Yes,84,6860.93,POS,2025-05-02 14:55,0
TXN_10036,CUST_121,Yes,1252,437.69,Mobile,2025-05-19 08:35,0
TXN_10037,CUST_702,No,1001,19845.03,Mobile,2025-04-24 04:44,0
TXN_10038,CUST_667,No,573,42096.51,POS,2025-05-19 05:37,0
TXN_10039,CUST_335,No,1372,19056.51,Web,2025-06-02 14:40,0
TXN_10040,CUST_702,No,1633,43123.7,ATM,2025-07-11 20:56,1
TXN_10041,CUST_325,No,1619,22067.12,Mobile,2025-05-25 13:33,1
TXN_10042,CUST_107,Yes,1214,21587.75,POS,2025-06-13 20:34,1
TXN_10043,CUST_172,No,1212,41194.41,Mobile,2025-03-21 11:30,1
TXN_10044,CUST_824,Yes,496,32586.74,POS,2025-05-19 07:51,1
TXN_10045,CUST_746,No,1507,29760.21,Web,2025-01-23 14:19,0
TXN_10046,CUST_160,No,135,15091.72,Mobile,2025-04-04 13:16,1
TXN_10047,CUST_334,No,1225,30200.24,POS,2025-02-09 09:00,0
TXN_10048,CUST_169,Yes,1013,34795.09,Mobile,2025-01-01 16:52,0
TXN_10049,CUST_132,No,379,24002.59,POS,2025-07-14 04:22,0
TXN_10050,CUST_980,Yes,1103,8964.1,ATM,2025-03-15 15:34,1
TXN_10051,CUST_438,No,1318,19972.16,POS,2025-01-03 22:59,1
TXN_10052,CUST_172,No,1506,16024.97,POS,2025-05-06 15:19,1
TXN_10053,CUST_626,Yes,1299,36770.23,POS,2025-01-03 13:51,1
TXN_10054,CUST_343,Yes,1616,31681.83,POS,2025-03-16 19:14,1
TXN_10055,CUST_385,No,1752,48391.38,ATM,2025-07-23 00:35,0
TXN_10056,CUST_785,No,808,39120.52,Web,2025-04-06 06:26,0
TXN_10057,CUST_597,No,332,16361.72,ATM,2025-08-14 17:27,0
TXN_10058,CUST_319,Yes,1712,14086.98,Web,2025-04-12 07:10,0
TXN_10059,CUST_652,Yes,1424,39314.74,Web,2025-07-03 23:41,0
TXN_10060,CUST_235,No,526,18314.28,ATM,2025-04-10 12:14,0
TXN_10061,CUST_840,Yes,94,46610.15,Mobile,2025-03-09 02:27,0
TXN_10062,CUST_684,No,1202,10070.02,Web,2025-06-10 07:33,1
TXN_10063,CUST_690,No,1971,49863.52,ATM,2025-07-15 19:51,1
TXN_10064,CUST_584,No,1464,9078.37,POS,2025-06-27 21:17,0
TXN_10065,CUST_348,Yes,255,38404.13,ATM,2025-03-14 20:47,0
TXN_10066,CUST_903,Yes,420,1443.11,Web,2025-05-17 08:26,0
TXN_10067,CUST_584,Yes,68,36387.95,Mobile,2025-02-18 02:11,0
TXN_10068,CUST_926,Yes,933,47154.45,Mobile,2025-02-04 09:07,1
TXN_10069,CUST_516,No,672,10561.45,Mobile,2025-06-13 14:39,1
TXN_10070,CUST_294,Yes,887,39904.51,POS,2025-04-26 08:44,1
TXN_10071,CUST_196,No,340,41580.96,ATM,2025-06-09 15:12,1
TXN_10072,CUST_199,Yes,875,3551.02,ATM,2025-03-24 00:09,0
TXN_10073,CUST_774,Yes,1444,42404.62,Mobile,2025-01-13 17:01,1
TXN_10074,CUST_541,Yes,447,39772.78,POS,2025-02-17 03:18,1
TXN_10075,CUST_462,No,870,33681.58,Mobile,2025-03-10 04:45,0
TXN_10076,CUST_533,Yes,1057,7045.04,Web,2025-04-23 23:00,1
TXN_10077,CUST_520,Yes,1617,15211.35,ATM,2025-03-01 02:09,0
TXN_10078,CUST_578,No,1282,12708.82,POS,2025-01-04 15:13,0
TXN_10079,CUST_984,No,1915,7791.75,Mobile,2025-03-29 13:19,0
TXN_10080,CUST_846,No,995,21214.08,POS,2025-07-21 15:23,0
TXN_10081,CUST_155,No,1817,18911.84,Web,2025-04-29 22:50,0
TXN_10082,CUST_789,No,1767,22508.43,Web,2025-01-09 10:05,0
TXN_10083,CUST_769,No,1536,29936.9,ATM,2025-08-04 04:03,1
TXN_10084,CUST_761,Yes,1519,29153.98,POS,2025-03-10 12:04,0
TXN_10085,CUST_200,No,157,26764.93,Mobile,2025-05-20 15:11,0
TXN_10086,CUST_162,Yes,1475,46182.44,Mobile,2025-02-19 08:52,0
TXN_10087,CUST_512,No,312,43494.72,Mobile,2025-04-08 00:07,0
TXN_10088,CUST_845,Yes,1092,20973.2,ATM,2025-09-07 22:15,1
TXN_10089,CUST_447,Yes,454,1934.58,Web,2025-04-09 14:15,0
TXN_10090,CUST_919,Yes,1178,48424.56,Mobile,2025-07-08 01:12,0
TXN_10091,CUST_982,No,695,35111.55,ATM,2025-04-28 23:49,0
TXN_10092,CUST_211,No,1386,40633.62,ATM,2025-01-25 16:42,1
TXN_10093,CUST_354,No,1009,29731.62,ATM,2025-02-23 15:24,1
TXN_10094,CUST_296,No,1106,45728.62,ATM,2025-06-24 09:59,0
TXN_10095,CUST_294,Yes,801,5557.53,ATM,2025-03-24 05:40,0
TXN_10096,CUST_649,No,672,12486.73,ATM,2025-07-06 01:47,0
TXN_10097,CUST_559,No,1989,33268.22,Web,2025-08-28 17:33,0
TXN_10098,CUST_243,No,384,8400.29,Web,2025-02-01 08:30,0
TXN_10099,CUST_532,Yes,971,30672.63,Mobile,2025-06-13 09:12,1
TXN_10100,CUST_287,No,1898,28204.69,POS,2025-04-03 01:55,0
TXN_10101,CUST_385,No,1121,32287.06,Web,2025-06-20 06:07,1
TXN_10102,CUST_573,No,731,32372.51,POS,2025-03-02 20:27,0
TXN_10103,CUST_355,No,1148,48343.88,Mobile,2025-03-25 00:10,0
TXN_10104,CUST_995,No,755,16646.68,Web,2025-07-23 08:37,1
TXN_10105,CUST_177,No,1414,39831.93,Web,2025-01-31 12:50,0
TXN_10106,CUST_553,No,1611,5386.63,Mobile,2025-03-04 00:02,0
TXN_10107,CUST_927,Yes,1806,5020.47,Mobile,2025-05-29 22:30,0
TXN_10108,CUST_982,Yes,1506,11177.85,POS,2025-06-26 19:09,0
TXN_10109,CUST_976,No,1424,37367.97,POS,2025-04-06 02:15,0
TXN_10110,CUST_663,Yes,1347,27943.87,Mobile,2025-02-10 15:05,0
TXN_10111,CUST_200,No,1675,34414.45,Web,2025-06-25 19:21,1
TXN_10112,CUST_151,Yes,1449,11129.48,ATM,2025-08-27 20:03,0
TXN_10113,CUST_767,No,571,18768.57,POS,2025-01-16 11:41,0
TXN_10114,CUST_653,No,1279,23206.85,Mobile,2025-02-09 22:34,0
TXN_10115,CUST_956,No,1021,34009.82,Web,2025-07-22 03:08,1
TXN_10116,CUST_115,No,423,34552.82,Web,2025-05-05 07:20,1
TXN_10117,CUST_195,Yes,1990,7622.17,POS,2025-05-23 20:48,1
TXN_10118,CUST_871,No,534,49885.37,POS,2025-03-30 14:46,0
TXN_10119,CUST_969,Yes,601,24190.28,ATM,2025-02-19 00:44,0
TXN_10120,CUST_342,Yes,1172,14842.07,POS,2025-04-07 11:46,0
TXN_10121,CUST_270,No,641,46035.32,ATM,2025-02-04 08:57,0
TXN_10122,CUST_516,Yes,490,4384.15,Mobile,2025-01-11 15:45,0
TXN_10123,CUST_597,No,1958,41582.76,POS,2025-04-23 17:18,0
TXN_10124,CUST_592,Yes,639,36534.52,ATM,2025-05-19 22:31,0
TXN_10125,CUST_318,No,1609,17481.6,POS,2025-02-18 18:11,1
TXN_10126,CUST_985,Yes,621,17219.03,Mobile,2025-05-20 11:20,0
TXN_10127,CUST_510,Yes,1473,39235.07,Mobile,2025-07-07 14:17,0
TXN_10128,CUST_160,No,454,26103.63,ATM,2025-08-11 19:58,0
TXN_10129,CUST_268,Yes,1443,17480.18,Web,2025-08-09 17:10,0
TXN_10130,CUST_488,Yes,1473,4971.39,Mobile,2025-01-18 16:09,1
TXN_10131,CUST_102,No,1031,36127.5,Mobile,2025-04-26 09:52,1
TXN_10132,CUST_499,No,679,22677.11,Mobile,2025-03-09 17:23,0
TXN_10133,CUST_371,No,1012,3452.0,Mobile,2025-04-27 00:49,1
TXN_10134,CUST_902,No,744,2329.68,Web,2025-06-13 16:24,0
TXN_10135,CUST_903,Yes,1177,35567.87,Mobile,2025-07-07 05:56,0
TXN_10136,CUST_565,No,1942,1227.0,Web,2025-01-05 19:54,1
TXN_10137,CUST_392,No,1943,17219.59,POS,2025-04-04 19:15,1
TXN_10138,CUST_533,No,1658,5557.2,Web,2025-03-24 23:04,1
TXN_10139,CUST_813,No,1507,40022.5,ATM,2025-06-18 17:52,0
TXN_10140,CUST_848,Yes,590,46503.13,POS,2025-04-10 06:33,0
TXN_10141,CUST_902,Yes,619,37050.43,Web,2025-06-24 15:49,1
TXN_10142,CUST_669,Yes,279,25848.1,Web,2025-05-22 04:39,0
TXN_10143,CUST_777,No,1204,27640.32,Web,2025-03-14 10:26,1
TXN_10144,CUST_835,Yes,1415,16616.38,Web,2025-06-14 10:07,0
TXN_10145,CUST_598,Yes,1142,21375.83,Web,2025-01-25 16:42,1
TXN_10146,CUST_258,No,807,23156.5,Web,2025-01-18 01:53,0
TXN_10147,CUST_294,Yes,1864,39908.01,ATM,2025-08-29 04:11,0
TXN_10148,CUST_403,Yes,838,31525.04,ATM,2025-08-12 01:12,1
TXN_10149,CUST_322,No,1706,9400.71,ATM,2025-01-28 15:12,1
TXN_10150,CUST_159,Yes,736,32899.66,Web,2025-01-26 01:36,1
TXN_10151,CUST_693,No,1985,19839.56,POS,2025-06-14 12:42,0
TXN_10152,CUST_853,Yes,1613,36895.68,ATM,2025-05-06 16:39,0
TXN_10153,CUST_655,Yes,1677,44166.56,Mobile,2025-06-29 18:16,1
TXN_10154,CUST_162,No,329,22533.79,Mobile,2025-01-13 11:14,1
TXN_10155,CUST_865,Yes,624,21534.69,Web,2025-06-05 22:04,0
TXN_10156,CUST_421,No,116,322.06,POS,2025-01-04 06:41,1
TXN_10157,CUST_158,No,619,10818.33,ATM,2025-05-06 02:29,1
TXN_10158,CUST_151,No,1986,13989.41,Web,2025-07-25 20:03,1
TXN_10159,CUST_698,No,1492,35217.61,POS,2025-04-03 17:47,1
TXN_10160,CUST_588,Yes,191,39820.8,Mobile,2025-08-29 13:52,1
TXN_10161,CUST_614,Yes,739,28909.66,ATM,2025-04-05 22:03,0
TXN_10162,CUST_973,No,1922,39995.17,Web,2025-07-30 19:17,1
TXN_10163,CUST_643,Yes,935,26890.76,Web,2025-05-16 01:46,1
TXN_10164,CUST_261,Yes,1373,18353.07,POS,2025-01-19 09:04,1
TXN_10165,CUST_158,Yes,555,9934.01,Web,2025-08-30 06:33,0
TXN_10166,CUST_620,Yes,1560,5786.35,Web,2025-01-25 03:46,0
TXN_10167,CUST_182,No,1011,33568.0,ATM,2025-03-01 17:24,1
TXN_10168,CUST_971,Yes,468,24525.25,Mobile,2025-02-18 06:33,1
TXN_10169,CUST_290,No,443,48299.23,Mobile,2025-06-18 07:36,0
TXN_10170,CUST_170,Yes,1725,15738.87,POS,2025-06-10 05:35,0
TXN_10171,CUST_709,Yes,1133,19493.1,Mobile,2025-07-11 17:26,1
TXN_10172,CUST_169,No,585,19687.95,POS,2025-07-11 03:49,0
TXN_10173,CUST_791,No,1940,5800.18,ATM,2025-06-13 18:22,1
TXN_10174,CUST_982,No,1181,17664.05,POS,2025-06-22 14:44,1
TXN_10175,CUST_340,No,1455,22947.24,Mobile,2025-06-20 13:56,0
TXN_10176,CUST_513,Yes,586,8709.12,Web,2025-01-27 05:50,0
TXN_10177,CUST_222,No,311,33712.08,ATM,2025-02-16 17:25,0
TXN_10178,CUST_683,No,253,40050.61,Mobile,2025-05-10 10:42,1
TXN_10179,CUST_352,Yes,1290,45942.26,ATM,2025-02-10 17:38,1
TXN_10180,CUST_692,Yes,1547,29549.4,POS,2025-04-24 11:57,0
TXN_10181,CUST_708,No,1231,33638.29,Mobile,2025-03-22 17:20,0
TXN_10182,CUST_140,No,520,15727.97,Web,2025-08-05 11:26,0
TXN_10183,CUST_734,No,526,12004.78,Web,2025-07-15 20:27,1
TXN_10184,CUST_183,No,133,5935.75,Web,2025-07-31 23:20,0
TXN_10185,CUST_529,No,1401,18727.97,Web,2025-06-05 07:36,1
TXN_10186,CUST_773,No,1883,7153.79,ATM,2025-05-20 06:24,0
TXN_10187,CUST_697,No,1117,19484.32,Mobile,2025-07-16 17:59,1
TXN_10188,CUST_678,Yes,492,29861.65,Web,2025-07-10 08:23,0
TXN_10189,CUST_635,No,1336,28782.82,Web,2025-09-04 14:28,0
TXN_10190,CUST_423,No,506,21209.64,Web,2025-09-03 12:00,1
TXN_10191,CUST_367,Yes,137,24384.84,POS,2025-07-05 01:18,1
TXN_10192,CUST_309,Yes,235,26915.23,Mobile,2025-06-02 00:33,1
TXN_10193,CUST_785,No,876,45966.13,ATM,2025-02-04 09:00,1
TXN_10194,CUST_833,No,706,46541.68,POS,2025-03-18 07:13,1
TXN_10195,CUST_421,No,1499,8744.42,POS,2025-08-08 10:01,1
TXN_10196,CUST_344,No,997,8426.59,ATM,2025-07-17 22:52,1
TXN_10197,CUST_371,Yes,235,14512.86,Web,2025-03-12 17:32,1
TXN_10198,CUST_505,No,1425,9436.22,Web,2025-05-23 18:59,1
TXN_10199,CUST_234,No,1608,42115.06,Mobile,2025-05-27 04:06,1
TXN_10200,CUST_787,Yes,311,31008.56,Web,2025-01-10 14:22,0
TXN_10201,CUST_760,Yes,40,43289.56,POS,2025-02-09 04:16,1
TXN_10202,CUST_407,No,1157,47596.91,POS,2025-04-04 18:15,0
TXN_10203,CUST_568,No,1932,24281.99,POS,2025-03-01 08:51,0
TXN_10204,CUST_423,Yes,353,9836.91,ATM,2025-03-18 02:36,1
TXN_10205,CUST_869,No,863,19258.81,Web,2025-04-13 18:58,1
TXN_10206,CUST_174,Yes,1367,28122.95,Web,2025-02-25 23:04,1
TXN_10207,CUST_109,Yes,1944,32688.18,Web,2025-07-05 10:50,0
TXN_10208,CUST_569,No,1833,20515.8,Web,2025-05-04 05:31,0
TXN_10209,CUST_736,Yes,1828,24637.12,Mobile,2025-07-31 22:44,0
TXN_10210,CUST_676,Yes,1004,35536.1,Mobile,2025-05-28 03:38,0
TXN_10211,CUST_202,Yes,1007,22248.2,POS,2025-06-14 09:02,0
TXN_10212,CUST_175,No,1362,8445.95,POS,2025-07-07 18:24,0
TXN_10213,CUST_650,No,438,28313.35,ATM,2025-01-21 01:58,1
TXN_10214,CUST_318,Yes,1578,39814.46,POS,2025-07-17 10:22,0
TXN_10215,CUST_618,No,618,11104.42,Web,2025-08-14 13:26,0
TXN_10216,CUST_371,Yes,687,1731.48,POS,2025-08-27 03:55,1
TXN_10217,CUST_235,Yes,614,11319.69,POS,2025-07-17 07:47,1
TXN_10218,CUST_457,No,1352,14504.65,Mobile,2025-06-17 19:59,0
TXN_10219,CUST_170,No,151,39058.94,Web,2025-01-03 20:49,1
TXN_10220,CUST_350,No,1889,28325.96,ATM,2025-06-11 12:03,0
TXN_10221,CUST_478,Yes,1604,38650.13,ATM,2025-03-20 16:02,0
TXN_10222,CUST_391,Yes,213,24816.14,ATM,2025-03-23 17:36,1
TXN_10223,CUST_261,Yes,1365,25589.22,POS,2025-02-08 10:32,1
TXN_10224,CUST_548,No,1205,28678.43,ATM,2025-06-28 07:09,0
TXN_10225,CUST_953,No,505,13467.66,ATM,2025-01-13 21:46,1
TXN_10226,CUST_656,Yes,1125,27201.0,ATM,2025-04-11 14:48,1
TXN_10227,CUST_820,No,1542,49545.59,Mobile,2025-06-02 18:32,1
TXN_10228,CUST_409,No,1510,27147.96,Web,2025-01-24 07:27,1
TXN_10229,CUST_726,No,1771,37863.63,Mobile,2025-03-16 12:09,1
TXN_10230,CUST_926,No,1948,38024.21,Web,2025-02-03 10:05,0
TXN_10231,CUST_769,Yes,106,22124.19,Mobile,2025-05-02 18:47,0
TXN_10232,CUST_641,No,1900,11005.24,Web,2025-01-13 17:25,1
TXN_10233,CUST_108,Yes,1917,21315.22,ATM,2025-03-09 02:25,0
TXN_10234,CUST_783,Yes,388,36825.84,ATM,2025-05-09 13:49,1
TXN_10235,CUST_936,Yes,885,32718.22,ATM,2025-06-28 04:48,1
TXN_10236,CUST_667,No,1836,12451.83,Mobile,2025-02-04 15:35,1
TXN_10237,CUST_406,No,1745,43753.01,ATM,2025-02-20 15:25,1
TXN_10238,CUST_779,Yes,390,1708.3,POS,2025-06-16 18:12,1
TXN_10239,CUST_206,No,1942,13214.48,Web,2025-05-24 19:47,1
TXN_10240,CUST_999,Yes,1913,43123.76,Mobile,2025-05-15 07:15,0
TXN_10241,CUST_237,No,104,4440.45,ATM,2025-01-19 08:49,0
TXN_10242,CUST_370,Yes,1742,43277.99,ATM,2025-04-21 10:43,0
TXN_10243,CUST_218,No,843,5957.56,Web,2025-08-25 18:05,1
TXN_10244,CUST_209,No,1643,40613.26,ATM,2025-01-29 21:26,0
TXN_10245,CUST_860,No,1044,10572.92,ATM,2025-04-19 11:22,1
TXN_10246,CUST_666,No,411,36906.89,Web,2025-02-18 10:22,1
TXN_10247,CUST_259,No,1948,34487.77,Web,2025-06-02 20:01,0
TXN_10248,CUST_378,Yes,1563,43066.33,POS,2025-07-17 09:10,1
TXN_10249,CUST_388,Yes,2000,30552.06,POS,2025-03-31 19:52,1
TXN_10250,CUST_719,No,1816,21465.54,Web,2025-07-25 14:39,1
TXN_10251,CUST_315,Yes,1926,30845.94,Mobile,2025-02-07 14:02,0
TXN_10252,CUST_834,No,622,39263.98,POS,2025-08-25 07:12,1
TXN_10253,CUST_451,Yes,1825,40695.14,Web,2025-06-25 11:09,1
TXN_10254,CUST_308,Yes,106,40291.48,ATM,2025-07-13 23:54,1
TXN_10255,CUST_803,No,48,28546.71,Mobile,2025-01-22 03:47,0
TXN_10256,CUST_749,No,641,26660.81,ATM,2025-01-14 07:39,0
TXN_10257,CUST_973,No,1193,29883.2,POS,2025-08-26 04:55,1
TXN_10258,CUST_370,Yes,1264,8502.03,ATM,2025-08-02 09:00,1
TXN_10259,CUST_617,Yes,249,48952.11,Mobile,2025-03-29 22:51,1
TXN_10260,CUST_600,Yes,1931,14702.47,Web,2025-01-29 09:28,1
TXN_10261,CUST_357,Yes,716,28679.51,Web,2025-05-01 00:21,1
TXN_10262,CUST_966,No,612,47624.63,Mobile,2025-02-23 23:34,1
TXN_10263,CUST_152,No,960,25769.31,ATM,2025-02-24 06:34,1
TXN_10264,CUST_194,Yes,1343,45017.75,ATM,2025-05-14 08:35,0
TXN_10265,CUST_749,Yes,1142,40777.53,Mobile,2025-05-04 19:46,0
TXN_10266,CUST_533,Yes,1103,6865.89,Web,2025-02-06 22:44,0
TXN_10267,CUST_949,Yes,1041,37529.7,ATM,2025-06-21 00:24,0
TXN_10268,CUST_383,No,1851,20638.65,POS,2025-05-30 21:33,1
TXN_10269,CUST_145,No,1952,3058.37,Mobile,2025-01-12 08:10,1
TXN_10270,CUST_103,No,304,13938.44,POS,2025-01-16 09:12,0
TXN_10271,CUST_441,No,1772,32829.22,POS,2025-07-22 22:39,1
TXN_10272,CUST_889,Yes,1062,35101.18,Web,2025-03-11 01:29,1
TXN_10273,CUST_233,No,988,6721.27,Mobile,2025-06-17 00:04,0
TXN_10274,CUST_752,Yes,588,7397.55,ATM,2025-04-10 21:17,1
TXN_10275,CUST_368,No,424,16172.63,ATM,2025-06-19 21:23,1
TXN_10276,CUST_265,No,1686,12452.98,Mobile,2025-08-10 03:01,1
TXN_10277,CUST_859,No,260,42193.43,Web,2025-03-16 20:24,1
TXN_10278,CUST_552,Yes,707,19695.77,ATM,2025-03-01 12:32,1
TXN_10279,CUST_664,No,362,7194.36,ATM,2025-09-08 22:06,0
TXN_10280,CUST_822,Yes,1527,31656.86,ATM,2025-08-20 10:31,0
TXN_10281,CUST_537,No,969,31427.86,Web,2025-08-10 19:34,0
TXN_10282,CUST_674,No,1357,18821.1,ATM,2025-01-23 05:12,0
TXN_10283,CUST_109,Yes,556,3868.26,ATM,2025-05-09 14:35,1
TXN_10284,CUST_214,No,1501,39750.47,POS,2025-08-26 22:01,0
TXN_10285,CUST_177,Yes,411,38467.32,Web,2025-01-11 07:59,0
TXN_10286,CUST_807,No,58,20202.25,ATM,2025-05-16 09:21,1
TXN_10287,CUST_252,No,1538,37515.14,Web,2025-05-06 12:47,0
TXN_10288,CUST_658,Yes,720,34765.71,Web,2025-02-10 00:22,1
TXN_10289,CUST_136,No,1649,43878.14,ATM,2025-06-25 11:22,0
TXN_10290,CUST_954,No,634,22789.31,ATM,2025-06-10 09:15,0
TXN_10291,CUST_478,Yes,1192,24453.42,Web,2025-09-08 16:17,1
TXN_10292,CUST_696,Yes,1411,29139.58,Web,2025-07-27 01:40,0
TXN_10293,CUST_665,No,1580,43458.5,Web,2025-03-07 12:56,1
TXN_10294,CUST_251,Yes,425,42373.65,POS,2025-07-28 00:35,1
TXN_10295,CUST_540,Yes,389,4747.77,Mobile,2025-08-31 08:14,1
TXN_10296,CUST_230,Yes,1281,48610.3,ATM,2025-02-08 10:57,1
TXN_10297,CUST_142,Yes,1783,31778.54,POS,2025-04-11 21:08,0
TXN_10298,CUST_415,No,1338,34894.72,POS,2025-01-23 23:24,1
TXN_10299,CUST_473,Yes,1867,42520.3,Web,2025-05-14 21:39,0
TXN_10300,CUST_915,Yes,860,39804.33,Mobile,2025-08-12 20:43,1
TXN_10301,CUST_981,Yes,1723,19946.02,ATM,2025-02-28 13:15,1
TXN_10302,CUST_140,Yes,905,48409.62,POS,2025-05-27 04:27,1
TXN_10303,CUST_466,Yes,1085,41259.9,ATM,2025-09-06 09:58,1
TXN_10304,CUST_315,Yes,701,24786.28,POS,2025-06-04 10:28,0
TXN_10305,CUST_798,Yes,207,16210.97,ATM,2025-05-19 04:13,1
TXN_10306,CUST_355,No,850,14251.29,Web,2025-06-17 04:37,0
TXN_10307,CUST_782,Yes,1400,27410.8,Web,2025-05-19 21:51,0
TXN_10308,CUST_205,Yes,225,6616.65,Mobile,2025-02-21 04:19,1
TXN_10309,CUST_462,No,408,42635.89,Web,2025-06-26 22:57,1
TXN_10310,CUST_898,Yes,317,39436.35,POS,2025-05-15 04:27,1
TXN_10311,CUST_673,Yes,1007,44718.32,POS,2025-08-21 04:41,0
TXN_10312,CUST_995,No,692,38136.48,POS,2025-08-27 18:58,1
TXN_10313,CUST_516,Yes,1946,2392.55,POS,2025-02-10 10:04,1
TXN_10314,CUST_735,Yes,538,31346.36,Web,2025-05-23 17:46,1
TXN_10315,CUST_867,Yes,43,41851.44,Web,2025-01-31 05:20,0
TXN_10316,CUST_258,Yes,564,912.44,Mobile,2025-08-03 04:46,1
TXN_10317,CUST_342,Yes,815,46478.7,ATM,2025-01-08 10:56,0
TXN_10318,CUST_985,No,512,7983.38,Mobile,2025-09-07 13:26,0
TXN_10319,CUST_266,Yes,944,22880.25,ATM,2025-03-19 14:47,1
TXN_10320,CUST_919,No,1573,49592.73,Web,2025-08-28 20:59,1
TXN_10321,CUST_930,Yes,576,21447.19,POS,2025-07-09 08:09,0
TXN_10322,CUST_281,Yes,1983,49785.13,Mobile,2025-07-19 06:06,1
TXN_10323,CUST_522,No,705,45479.42,Mobile,2025-02-03 05:01,1
TXN_10324,CUST_125,Yes,648,44119.17,Web,2025-07-15 19:39,0
TXN_10325,CUST_283,Yes,1222,15163.09,ATM,2025-03-10 19:36,0
TXN_10326,CUST_854,No,1510,43733.73,Mobile,2025-06-06 07:38,0
TXN_10327,CUST_440,Yes,1203,43842.09,ATM,2025-03-01 07:43,1
TXN_10328,CUST_901,Yes,53,4757.67,Mobile,2025-01-07 11:05,1
TXN_10329,CUST_521,No,565,18085.73,POS,2025-06-26 15:08,0
TXN_10330,CUST_921,No,1368,4212.78,Web,2025-05-09 19:30,1
TXN_10331,CUST_785,No,766,33258.99,ATM,2025-07-02 20:23,1
TXN_10332,CUST_984,Yes,1448,32480.67,Web,2025-02-17 12:31,0
TXN_10333,CUST_852,No,513,2684.19,Web,2025-05-02 04:10,1
TXN_10334,CUST_930,Yes,157,31317.65,ATM,2025-02-19 07:02,0
TXN_10335,CUST_354,Yes,1397,36326.82,ATM,2025-04-15 00:59,1
TXN_10336,CUST_373,No,272,37786.08,Mobile,2025-03-11 13:14,1
TXN_10337,CUST_263,No,983,21518.62,ATM,2025-07-10 21:12,1
TXN_10338,CUST_906,Yes,658,4650.84,Web,2025-07-13 06:04,1
TXN_10339,CUST_818,Yes,357,4849.67,Web,2025-02-15 14:55,0
TXN_10340,CUST_210,No,860,10749.72,ATM,2025-06-07 15:44,1
TXN_10341,CUST_491,No,1435,3989.14,ATM,2025-03-25 14:56,1
TXN_10342,CUST_993,No,1059,29724.61,Mobile,2025-03-05 13:25,1
TXN_10343,CUST_139,Yes,1920,26020.27,Mobile,2025-07-18 01:38,1
TXN_10344,CUST_979,No,1863,22308.84,Mobile,2025-07-08 12:46,0
TXN_10345,CUST_581,No,1848,502.32,Web,2025-03-22 12:39,0
TXN_10346,CUST_327,Yes,1470,17244.35,ATM,2025-08-29 23:36,0
TXN_10347,CUST_304,Yes,1606,6117.63,POS,2025-06-02 17:33,1
TXN_10348,CUST_936,No,666,43030.98,ATM,2025-06-14 22:50,0
TXN_10349,CUST_571,Yes,1443,34732.15,ATM,2025-01-10 16:06,1
TXN_10350,CUST_458,Yes,270,23937.24,Mobile,2025-04-26 14:52,1
TXN_10351,CUST_412,Yes,1338,11524.45,POS,2025-08-13 01:56,1
TXN_10352,CUST_940,No,1906,4557.62,ATM,2025-03-04 16:34,0
TXN_10353,CUST_914,No,1956,40317.25,POS,2025-04-12 23:02,0
TXN_10354,CUST_992,No,634,5249.76,POS,2025-05-23 12:33,1
TXN_10355,CUST_333,No,782,18441.33,ATM,2025-07-15 20:03,1
TXN_10356,CUST_328,No,1288,15032.84,Mobile,2025-02-18 09:28,0
TXN_10357,CUST_124,No,482,19197.78,Mobile,2025-04-12 09:49,0
TXN_10358,CUST_775,Yes,478,40687.06,ATM,2025-07-31 09:29,0
TXN_10359,CUST_297,Yes,1990,43737.42,POS,2025-02-12 13:18,1
TXN_10360,CUST_508,Yes,303,32114.65,POS,2025-06-06 01:44,1
TXN_10361,CUST_436,No,1009,33889.14,Mobile,2025-05-13 04:29,1
TXN_10362,CUST_385,No,343,3513.74,Mobile,2025-08-01 20:28,1
TXN_10363,CUST_985,Yes,961,28208.23,Mobile,2025-01-24 23:32,0
TXN_10364,CUST_171,No,1561,30554.93,POS,2025-01-29 05:49,0
TXN_10365,CUST_891,No,1270,8289.42,POS,2025-05-30 22:34,1
TXN_10366,CUST_385,No,795,17624.27,Mobile,2025-02-04 12:26,1
TXN_10367,CUST_459,No,881,10731.47,Mobile,2025-03-24 14:01,1
TXN_10368,CUST_756,No,1467,37438.61,POS,2025-02-15 14:37,0
TXN_10369,CUST_621,Yes,1154,46002.72,Web,2025-08-18 22:57,1
TXN_10370,CUST_509,No,1899,30842.19,POS,2025-02-21 14:05,0
TXN_10371,CUST_795,No,994,22174.96,ATM,2025-03-06 10:44,1
TXN_10372,CUST_963,No,1581,10940.51,ATM,2025-06-16 22:50,0
TXN_10373,CUST_649,No,1130,44839.99,POS,2025-02-11 22:46,0
TXN_10374,CUST_439,No,1672,7086.66,ATM,2025-02-01 02:07,0
TXN_10375,CUST_128,Yes,1390,6245.55,Web,2025-06-30 14:40,0
TXN_10376,CUST_218,No,1720,36527.46,Web,2025-04-03 02:33,0
TXN_10377,CUST_998,Yes,477,17641.63,Web,2025-07-01 12:46,0
TXN_10378,CUST_367,Yes,1590,21526.5,ATM,2025-07-22 16:39,1
TXN_10379,CUST_282,Yes,536,39574.73,Mobile,2025-09-01 05:24,1
TXN_10380,CUST_694,Yes,1423,12464.54,Web,2025-05-21 12:02,1
TXN_10381,CUST_371,No,1575,32266.57,Web,2025-07-16 05:58,1
TXN_10382,CUST_139,Yes,1250,12483.53,Mobile,2025-03-27 18:55,1
TXN_10383,CUST_211,No,1818,30089.85,POS,2025-06-18 04:10,0
TXN_10384,CUST_710,Yes,1642,36086.86,Mobile,2025-08-11 04:11,0
TXN_10385,CUST_544,Yes,197,14317.55,POS,2025-07-16 22:03,0
TXN_10386,CUST_453,No,1106,47069.83,POS,2025-04-18 09:19,1
TXN_10387,CUST_846,Yes,944,1438.54,Mobile,2025-07-06 14:18,0
TXN_10388,CUST_905,No,1111,42368.79,Web,2025-06-10 05:07,0
TXN_10389,CUST_421,No,1471,43803.78,POS,2025-08-19 04:12,1
TXN_10390,CUST_546,No,770,10351.74,Mobile,2025-01-01 19:48,1
TXN_10391,CUST_720,Yes,189,30385.65,Web,2025-03-06 00:29,0
TXN_10392,CUST_623,No,1908,9513.46,POS,2025-05-08 15:34,0
TXN_10393,CUST_218,No,1185,19648.38,ATM,2025-07-26 00:38,1
TXN_10394,CUST_494,No,259,32343.87,Web,2025-08-14 15:15,0
TXN_10395,CUST_690,Yes,156,39211.7,Mobile,2025-02-25 18:42,0
TXN_10396,CUST_294,Yes,1727,39709.52,ATM,2025-05-02 14:26,0
TXN_10397,CUST_360,Yes,1151,12043.12,Mobile,2025-04-24 02:38,1
TXN_10398,CUST_145,No,1879,19355.69,POS,2025-06-03 00:15,1
TXN_10399,CUST_825,Yes,1065,12129.98,Web,2025-08-14 17:17,0
TXN_10400,CUST_546,Yes,444,31940.31,ATM,2025-06-08 20:35,1
TXN_10401,CUST_101,No,1202,3643.5,ATM,2025-07-29 06:03,1
TXN_10402,CUST_632,No,1129,44447.35,ATM,2025-02-17 04:03,0
TXN_10403,CUST_925,Yes,336,702.14,POS,2025-06-17 11:02,1
TXN_10404,CUST_651,No,366,18118.8,Web,2025-02-07 01:42,0
TXN_10405,CUST_803,Yes,701,15891.99,Web,2025-05-28 19:19,0
TXN_10406,CUST_836,No,1779,19403.23,POS,2025-03-26 02:03,0
TXN_10407,CUST_859,Yes,1095,41964.77,Mobile,2025-01-28 13:11,0
TXN_10408,CUST_854,No,934,21101.09,ATM,2025-02-11 21:18,1
TXN_10409,CUST_786,Yes,268,27363.18,Mobile,2025-06-06 21:44,1
TXN_10410,CUST_301,Yes,1423,8721.24,POS,2025-06-29 19:36,0
TXN_10411,CUST_472,No,450,23603.63,Mobile,2025-07-21 17:11,0
TXN_10412,CUST_541,No,1498,49369.58,Mobile,2025-09-05 14:47,0
TXN_10413,CUST_171,No,1224,3742.29,POS,2025-05-29 11:59,1
TXN_10414,CUST_780,No,1031,29409.44,ATM,2025-01-10 02:49,1
TXN_10415,CUST_438,Yes,216,788.29,Mobile,2025-03-18 10:23,1
TXN_10416,CUST_738,Yes,1870,10865.57,Web,2025-08-18 12:52,0
TXN_10417,CUST_421,Yes,1075,46136.71,Mobile,2025-01-18 13:53,1
TXN_10418,CUST_779,No,942,47439.13,Mobile,2025-05-21 02:18,0
TXN_10419,CUST_968,Yes,1686,19958.95,Web,2025-05-01 04:07,0
TXN_10420,CUST_227,Yes,143,14395.74,ATM,2025-06-27 08:21,0
TXN_10421,CUST_837,Yes,958,35660.19,Web,2025-05-15 13:33,0
TXN_10422,CUST_407,Yes,300,38378.79,ATM,2025-02-23 22:13,0
TXN_10423,CUST_619,Yes,1081,21236.4,POS,2025-06-06 01:06,1
TXN_10424,CUST_416,No,880,20173.64,POS,2025-05-27 23:40,1
TXN_10425,CUST_782,No,965,32062.81,Mobile,2025-05-16 02:30,1
TXN_10426,CUST_518,No,1184,26929.0,Mobile,2025-07-05 22:38,1
TXN_10427,CUST_434,No,148,7718.75,POS,2025-08-28 22:18,0
TXN_10428,CUST_512,Yes,1174,4271.49,Web,2025-04-20 19:54,1
TXN_10429,CUST_813,No,976,4043.18,POS,2025-03-23 08:33,1
TXN_10430,CUST_402,No,1407,46054.15,ATM,2025-05-28 19:22,0
TXN_10431,CUST_667,No,1682,48718.24,Mobile,2025-08-26 04:39,1
TXN_10432,CUST_230,Yes,661,7853.32,Web,2025-05-25 15:33,1
TXN_10433,CUST_296,Yes,1511,16404.84,Mobile,2025-07-06 20:31,1
TXN_10434,CUST_530,Yes,74,29363.21,POS,2025-05-07 05:56,0
TXN_10435,CUST_780,Yes,840,38184.88,Web,2025-06-06 07:45,1
TXN_10436,CUST_488,Yes,551,32526.99,POS,2025-03-16 06:00,0
TXN_10437,CUST_793,Yes,1702,32193.41,ATM,2025-01-31 00:29,1
TXN_10438,CUST_866,No,36,15577.46,POS,2025-06-10 03:47,1
TXN_10439,CUST_278,No,1557,21930.55,Web,2025-08-06 06:51,1
TXN_10440,CUST_730,No,476,47676.06,POS,2025-06-07 13:26,1
TXN_10441,CUST_682,No,1214,12008.01,Mobile,2025-01-12 10:22,0
TXN_10442,CUST_408,No,179,12299.54,Mobile,2025-05-24 20:13,0
TXN_10443,CUST_515,No,122,46238.92,Web,2025-01-03 20:12,0
TXN_10444,CUST_661,No,897,5887.73,Mobile,2025-06-26 09:16,0
TXN_10445,CUST_953,Yes,735,30653.61,ATM,2025-07-22 02:19,1
TXN_10446,CUST_100,Yes,1464,2845.93,ATM,2025-03-18 16:35,1
TXN_10447,CUST_411,No,160,33337.37,Web,2025-03-24 00:07,1
TXN_10448,CUST_393,No,1138,32936.81,POS,2025-06-25 10:21,1
TXN_10449,CUST_315,Yes,153,8864.73,Mobile,2025-04-12 23:36,0
TXN_10450,CUST_540,No,1944,731.98,Mobile,2025-06-07 00:53,0
TXN_10451,CUST_904,No,1861,6946.87,POS,2025-02-14 06:21,1
TXN_10452,CUST_693,No,171,666.4,POS,2025-08-02 10:59,1
TXN_10453,CUST_721,Yes,1942,24871.01,POS,2025-06-22 15:58,0
TXN_10454,CUST_770,Yes,996,17400.59,POS,2025-05-02 01:41,1
TXN_10455,CUST_429,No,94,25909.42,Mobile,2025-02-04 15:09,1
TXN_10456,CUST_576,Yes,617,41143.09,ATM,2025-06-10 14:57,1
TXN_10457,CUST_552,Yes,867,13036.42,Web,2025-08-10 17:57,0
TXN_10458,CUST_552,Yes,398,18656.28,Web,2025-03-27 14:50,0
TXN_10459,CUST_791,No,1604,37513.84,POS,2025-07-28 13:59,1
TXN_10460,CUST_318,Yes,307,43685.66,ATM,2025-07-10 01:53,0
TXN_10461,CUST_623,Yes,1598,36673.5,Mobile,2025-05-14 09:36,0
TXN_10462,CUST_584,No,1343,5991.03,Mobile,2025-07-05 21:20,1
TXN_10463,CUST_912,No,1523,45004.88,Web,2025-05-23 17:01,1
TXN_10464,CUST_915,No,1352,16817.05,POS,2025-02-23 18:43,1
TXN_10465,CUST_853,Yes,890,21523.3,ATM,2025-03-26 11:04,0
TXN_10466,CUST_273,Yes,796,26240.33,Web,2025-09-06 04:17,1
TXN_10467,CUST_774,No,1855,13221.19,ATM,2025-08-04 00:21,0
TXN_10468,CUST_186,No,813,48755.02,POS,2025-04-07 20:34,1
TXN_10469,CUST_390,Yes,948,31413.89,POS,2025-08-04 05:36,1
TXN_10470,CUST_627,Yes,1810,24857.76,Web,2025-06-05 12:11,1
TXN_10471,CUST_779,No,1908,25588.02,POS,2025-06-02 03:55,1
TXN_10472,CUST_748,Yes,1887,2866.41,ATM,2025-07-20 09:45,1
TXN_10473,CUST_734,No,803,42982.05,ATM,2025-08-08 10:45,0
TXN_10474,CUST_443,Yes,799,8427.38,Web,2025-01-09 08:26,0
TXN_10475,CUST_195,No,194,7949.77,POS,2025-01-23 15:56,1
TXN_10476,CUST_938,Yes,1428,38689.11,Mobile,2025-03-02 11:28,0
TXN_10477,CUST_869,No,1385,44723.99,POS,2025-08-01 09:13,1
TXN_10478,CUST_340,Yes,1821,33738.61,Web,2025-05-15 09:11,1
TXN_10479,CUST_788,No,1134,5855.15,Web,2025-01-29 11:50,1
TXN_10480,CUST_417,Yes,302,37064.92,Mobile,2025-01-10 06:58,1
TXN_10481,CUST_330,No,1368,228.17,Web,2025-01-24 14:32,0
TXN_10482,CUST_925,No,1791,42948.58,Web,2025-01-07 15:57,0
TXN_10483,CUST_303,No,742,713.17,Mobile,2025-05-09 04:12,0
TXN_10484,CUST_250,No,272,2394.48,Mobile,2025-03-29 15:46,1
TXN_10485,CUST_125,No,395,18262.43,ATM,2025-08-12 16:19,0
TXN_10486,CUST_147,Yes,1130,46019.3,Web,2025-07-18 10:09,0
TXN_10487,CUST_350,No,834,9030.15,Mobile,2025-07-16 03:52,1
TXN_10488,CUST_586,Yes,1113,48021.07,ATM,2025-08-29 16:43,0
TXN_10489,CUST_725,No,290,1864.64,Web,2025-02-03 06:46,1
TXN_10490,CUST_970,Yes,1520,40175.46,Mobile,2025-01-10 14:24,1
TXN_10491,CUST_886,No,486,35729.64,Web,2025-07-02 16:07,0
TXN_10492,CUST_174,No,1739,32819.59,ATM,2025-01-02 09:59,0
TXN_10493,CUST_566,Yes,37,11303.31,POS,2025-01-12 21:54,0
TXN_10494,CUST_524,No,1578,12488.33,Web,2025-06-02 02:21,0
TXN_10495,CUST_744,Yes,76,45801.15,Web,2025-04-30 01:06,0
TXN_10496,CUST_689,Yes,641,16064.76,Web,2025-05-14 21:47,1
TXN_10497,CUST_299,No,978,41317.25,Web,2025-03-21 00:36,1
TXN_10498,CUST_835,No,1409,28619.64,Mobile,2025-07-14 09:40,1
TXN_10499,CUST_813,Yes,1502,6058.11,POS,2025-08-17 06:20,1
TXN_10500,CUST_493,No,1145,33698.95,Web,2025-02-21 06:18,0
TXN_10501,CUST_606,No,898,2728.34,Mobile,2025-03-12 17:20,1
TXN_10502,CUST_509,No,1119,11236.93,POS,2025-07-17 14:42,0
TXN_10503,CUST_349,Yes,806,25837.13,ATM,2025-01-31 08:09,1
TXN_10504,CUST_251,No,1716,2391.84,ATM,2025-02-10 08:07,1
TXN_10505,CUST_771,Yes,500,20106.15,ATM,2025-01-04 19:35,0
TXN_10506,CUST_804,Yes,536,43861.86,ATM,2025-05-12 03:13,0
TXN_10507,CUST_105,Yes,973,43315.01,ATM,2025-05-19 11:35,1
TXN_10508,CUST_868,Yes,738,38699.02,POS,2025-03-23 08:09,1
TXN_10509,CUST_981,No,347,15603.82,Web,2025-08-30 22:51,0
TXN_10510,CUST_888,No,594,4410.64,ATM,2025-03-14 18:15,1
TXN_10511,CUST_209,Yes,416,22891.63,Web,2025-02-13 02:19,1
TXN_10512,CUST_897,Yes,1949,18509.08,Web,2025-06-06 10:34,0
TXN_10513,CUST_535,Yes,1822,14650.6,Web,2025-04-24 01:08,0
TXN_10514,CUST_324,Yes,1514,39246.91,Web,2025-01-08 15:57,0
TXN_10515,CUST_280,No,1597,37004.84,Web,2025-06-22 01:06,0
TXN_10516,CUST_923,Yes,261,12204.94,POS,2025-04-09 01:05,0
TXN_10517,CUST_812,Yes,95,18476.85,Web,2025-04-20 12:11,1
TXN_10518,CUST_630,Yes,1687,48595.7,POS,2025-06-30 19:57,0
TXN_10519,CUST_575,Yes,1382,49889.58,POS,2025-06-01 20:53,1
TXN_10520,CUST_151,Yes,888,38816.71,Web,2025-06-26 22:28,0
TXN_10521,CUST_670,No,1289,36649.92,POS,2025-06-07 11:19,0
TXN_10522,CUST_355,No,1598,27373.31,ATM,2025-03-27 06:45,1
TXN_10523,CUST_968,No,1947,39819.08,ATM,2025-07-14 21:51,1
TXN_10524,CUST_224,No,1839,7613.26,ATM,2025-05-17 02:59,1
TXN_10525,CUST_567,No,1850,46626.64,Web,2025-07-13 14:36,0
TXN_10526,CUST_236,Yes,62,1293.12,ATM,2025-02-03 02:52,0
TXN_10527,CUST_920,No,522,27123.11,Mobile,2025-07-25 22:29,1
TXN_10528,CUST_575,Yes,452,31833.5,Mobile,2025-01-25 14:19,0
TXN_10529,CUST_783,No,167,34703.69,Mobile,2025-06-25 20:45,0
TXN_10530,CUST_643,No,236,578.78,ATM,2025-07-16 14:30,0
TXN_10531,CUST_672,No,1246,16817.37,POS,2025-03-01 07:09,1
TXN_10532,CUST_709,No,98,37970.56,Mobile,2025-08-09 19:16,1
TXN_10533,CUST_424,Yes,944,18876.11,POS,2025-08-22 11:25,1
TXN_10534,CUST_873,No,1254,36930.32,POS,2025-02-16 22:58,0
TXN_10535,CUST_553,Yes,1406,15444.78,Web,2025-06-20 10:50,0
TXN_10536,CUST_727,No,1470,10339.2,Mobile,2025-08-09 10:29,0
TXN_10537,CUST_934,No,1816,49157.48,Web,2025-05-05 00:04,0
TXN_10538,CUST_836,No,129,21048.81,Web,2025-05-02 03:22,1
TXN_10539,CUST_616,Yes,531,48063.13,Web,2025-05-03 14:54,1
TXN_10540,CUST_536,Yes,1546,48630.71,ATM,2025-02-13 09:49,1
TXN_10541,CUST_950,No,120,7204.44,Web,2025-03-31 19:36,1
TXN_10542,CUST_661,No,853,14063.28,POS,2025-02-02 16:06,0
TXN_10543,CUST_556,Yes,928,2290.62,Mobile,2025-04-14 22:50,1
TXN_10544,CUST_262,Yes,509,11650.48,POS,2025-01-28 10:35,0
TXN_10545,CUST_861,No,1135,42290.66,Mobile,2025-06-16 02:50,0
TXN_10546,CUST_982,No,474,20711.53,ATM,2025-03-19 17:29,1
TXN_10547,CUST_586,Yes,1574,44789.34,Mobile,2025-04-13 18:26,0
TXN_10548,CUST_560,No,1798,22977.06,Mobile,2025-03-03 19:15,1
TXN_10549,CUST_365,Yes,1619,37420.18,Mobile,2025-05-21 05:30,0
TXN_10550,CUST_869,No,145,29080.45,Mobile,2025-04-09 02:21,1
TXN_10551,CUST_353,No,316,25320.85,POS,2025-02-23 22:37,0
TXN_10552,CUST_960,Yes,1061,31897.06,Mobile,2025-04-21 13:36,0
TXN_10553,CUST_752,Yes,622,19778.13,Web,2025-07-21 10:34,1
TXN_10554,CUST_383,No,509,29635.6,Mobile,2025-06-27 07:11,1
TXN_10555,CUST_884,Yes,1700,3207.91,Web,2025-06-19 21:04,0
TXN_10556,CUST_896,No,1906,33155.95,ATM,2025-07-09 22:36,1
TXN_10557,CUST_633,Yes,1528,6622.34,Web,2025-08-03 15:07,0
TXN_10558,CUST_596,Yes,1209,14654.63,POS,2025-06-01 19:29,1
TXN_10559,CUST_741,Yes,683,42560.59,Web,2025-03-25 17:06,1
TXN_10560,CUST_344,Yes,1212,46309.49,POS,2025-07-30 14:11,0
TXN_10561,CUST_381,No,1254,19708.34,Web,2025-03-20 12:04,0
TXN_10562,CUST_550,No,1612,41611.8,Mobile,2025-06-03 03:43,1
TXN_10563,CUST_179,Yes,1407,16379.95,ATM,2025-07-28 19:49,0
TXN_10564,CUST_830,No,1706,22692.62,POS,2025-07-29 12:20,1
TXN_10565,CUST_392,No,686,11757.2,POS,2025-05-07 20:42,1
TXN_10566,CUST_340,No,515,47183.38,Mobile,2025-01-16 02:13,0
TXN_10567,CUST_378,No,648,6891.98,Mobile,2025-07-29 04:56,1
TXN_10568,CUST_443,No,1824,38530.32,Web,2025-05-29 20:51,1
TXN_10569,CUST_427,No,323,5537.74,POS,2025-01-01 04:42,1
TXN_10570,CUST_653,Yes,1382,5372.32,Web,2025-02-08 14:34,0
TXN_10571,CUST_182,No,1097,22533.38,Mobile,2025-03-16 12:39,0
TXN_10572,CUST_241,Yes,482,15770.26,POS,2025-05-28 14:12,0
TXN_10573,CUST_254,No,876,6124.76,ATM,2025-02-22 21:56,0
TXN_10574,CUST_336,Yes,645,17978.54,ATM,2025-03-23 09:36,1
TXN_10575,CUST_492,No,593,38539.8,POS,2025-07-23 21:19,0
TXN_10576,CUST_810,No,154,22650.66,POS,2025-08-24 13:45,1
TXN_10577,CUST_256,No,1170,23221.0,Mobile,2025-08-23 11:05,1
TXN_10578,CUST_823,Yes,1972,42638.86,POS,2025-05-30 00:39,0
TXN_10579,CUST_319,No,1241,4612.0,POS,2025-05-11 12:54,0
TXN_10580,CUST_165,Yes,1831,40399.09,ATM,2025-02-02 09:03,1
TXN_10581,CUST_524,Yes,1535,15280.33,Mobile,2025-04-05 17:03,1
TXN_10582,CUST_517,No,1896,35264.77,Web,2025-01-01 22:35,1
TXN_10583,CUST_438,No,388,30204.79,POS,2025-07-30 11:07,1
TXN_10584,CUST_655,No,1312,10829.54,Mobile,2025-08-09 09:55,1
TXN_10585,CUST_577,Yes,1420,42843.01,Mobile,2025-01-08 07:27,0
TXN_10586,CUST_525,Yes,904,7501.36,ATM,2025-06-29 18:25,0
TXN_10587,CUST_163,No,1168,35586.75,POS,2025-06-10 10:45,0
TXN_10588,CUST_311,No,1045,48423.16,POS,2025-04-08 12:24,1
TXN_10589,CUST_952,No,126,19872.6,Mobile,2025-04-22 17:13,0
TXN_10590,CUST_530,Yes,735,2542.64,POS,2025-06-19 05:30,1
TXN_10591,CUST_498,Yes,1958,15012.15,ATM,2025-02-05 06:35,1
TXN_10592,CUST_888,No,1347,41022.47,ATM,2025-04-09 11:53,1
TXN_10593,CUST_698,No,1404,8776.0,ATM,2025-04-17 04:18,0
TXN_10594,CUST_812,Yes,810,47609.62,POS,2025-08-12 21:08,0
TXN_10595,CUST_120,No,1639,42744.61,POS,2025-02-04 00:04,1
TXN_10596,CUST_977,No,1104,27842.09,ATM,2025-06-15 00:09,1
TXN_10597,CUST_883,Yes,682,27551.03,Web,2025-07-04 15:42,0
TXN_10598,CUST_689,Yes,1456,4826.79,Mobile,2025-04-22 04:05,1
TXN_10599,CUST_489,No,882,5185.18,Web,2025-02-05 20:51,0
TXN_10600,CUST_588,No,866,39711.11,POS,2025-04-17 14:57,1
TXN_10601,CUST_106,Yes,335,6160.52,Mobile,2025-07-21 22:38,0
TXN_10602,CUST_460,Yes,644,3177.29,Mobile,2025-08-27 13:39,0
TXN_10603,CUST_405,Yes,800,39069.9,POS,2025-02-16 14:32,1
TXN_10604,CUST_871,Yes,406,11192.18,Web,2025-04-19 17:52,1
TXN_10605,CUST_499,Yes,1575,9986.84,Web,2025-04-26 12:22,1
TXN_10606,CUST_973,No,1131,20089.03,Web,2025-02-27 05:27,1
TXN_10607,CUST_955,Yes,999,34345.63,Web,2025-06-04 00:36,1
TXN_10608,CUST_529,Yes,523,46884.99,ATM,2025-05-08 23:15,1
TXN_10609,CUST_651,No,1769,4293.57,Mobile,2025-07-02 16:17,1
TXN_10610,CUST_865,Yes,491,29347.33,Web,2025-04-16 17:36,1
TXN_10611,CUST_852,No,645,45879.69,POS,2025-04-04 01:02,1
TXN_10612,CUST_659,Yes,1786,3841.86,ATM,2025-05-26 15:45,0
TXN_10613,CUST_919,Yes,1479,49858.36,Mobile,2025-04-05 03:37,1
TXN_10614,CUST_717,Yes,325,9967.74,POS,2025-05-04 22:05,1
TXN_10615,CUST_325,Yes,1680,32334.75,ATM,2025-02-06 23:46,0
TXN_10616,CUST_599,No,978,40484.0,Mobile,2025-05-15 08:29,1
TXN_10617,CUST_324,Yes,1903,4689.73,POS,2025-05-13 02:33,0
TXN_10618,CUST_379,No,148,42379.04,Mobile,2025-08-16 19:05,0
TXN_10619,CUST_546,No,1181,40463.47,ATM,2025-03-04 15:40,0
TXN_10620,CUST_597,Yes,875,6214.13,Web,2025-07-09 21:42,0
TXN_10621,CUST_129,No,883,47119.8,ATM,2025-01-20 21:40,0
TXN_10622,CUST_498,No,1171,2626.82,POS,2025-05-19 18:19,0
TXN_10623,CUST_444,No,1115,46214.17,Web,2025-06-06 01:57,0
TXN_10624,CUST_784,Yes,304,21714.5,Mobile,2025-03-29 17:49,1
TXN_10625,CUST_795,Yes,825,36249.1,Mobile,2025-01-03 15:29,1
TXN_10626,CUST_917,No,527,24856.71,Mobile,2025-05-12 15:36,0
TXN_10627,CUST_514,No,552,19198.2,ATM,2025-07-07 10:26,1
TXN_10628,CUST_841,Yes,446,21390.53,Mobile,2025-04-01 09:18,1
TXN_10629,CUST_269,No,706,17761.77,Mobile,2025-02-12 01:44,0
TXN_10630,CUST_960,No,1354,45424.38,Mobile,2025-08-25 19:47,1
TXN_10631,CUST_578,No,191,13821.59,ATM,2025-03-19 23:50,0
TXN_10632,CUST_230,No,1918,22355.97,POS,2025-05-25 08:03,1
TXN_10633,CUST_737,No,951,7516.71,Web,2025-06-11 15:37,1
TXN_10634,CUST_646,No,1764,30743.92,Mobile,2025-02-13 18:03,1
TXN_10635,CUST_127,Yes,789,30887.16,ATM,2025-06-18 09:51,1
TXN_10636,CUST_503,Yes,219,32399.19,Mobile,2025-07-08 19:01,1
TXN_10637,CUST_706,Yes,1126,24994.69,Web,2025-03-15 15:05,0
TXN_10638,CUST_677,No,1513,44150.65,POS,2025-02-02 16:04,0
TXN_10639,CUST_778,Yes,1728,24003.64,POS,2025-08-06 08:16,0
TXN_10640,CUST_127,No,420,4477.31,Mobile,2025-02-03 19:17,1
TXN_10641,CUST_185,No,135,19212.46,Web,2025-03-12 08:00,0
TXN_10642,CUST_758,Yes,579,21019.82,Mobile,2025-07-09 03:38,0
TXN_10643,CUST_538,Yes,802,32168.36,POS,2025-02-14 18:47,1
TXN_10644,CUST_238,No,1409,39880.18,ATM,2025-02-08 21:28,0
TXN_10645,CUST_987,Yes,1268,12532.47,ATM,2025-04-05 05:16,0
TXN_10646,CUST_572,Yes,1264,49704.96,ATM,2025-07-20 22:15,1
TXN_10647,CUST_286,No,110,27228.47,Web,2025-05-05 05:51,0
TXN_10648,CUST_151,No,1819,1074.55,Web,2025-05-16 01:21,0
TXN_10649,CUST_366,Yes,179,19186.65,POS,2025-01-22 04:38,0
TXN_10650,CUST_488,No,415,35697.2,Web,2025-08-28 04:53,1
TXN_10651,CUST_435,Yes,1677,24036.25,POS,2025-05-07 13:49,0
TXN_10652,CUST_316,Yes,1589,39093.61,POS,2025-04-09 07:42,0
TXN_10653,CUST_565,No,1233,17267.3,Mobile,2025-04-23 23:40,1
TXN_10654,CUST_434,No,1513,28325.99,ATM,2025-02-12 06:36,0
TXN_10655,CUST_445,Yes,1405,16148.06,ATM,2025-07-07 11:03,1
TXN_10656,CUST_879,No,1174,13594.74,POS,2025-06-14 08:48,0
TXN_10657,CUST_488,Yes,474,1400.54,Web,2025-07-29 03:03,1
TXN_10658,CUST_384,No,1011,29896.11,POS,2025-02-12 14:25,0
TXN_10659,CUST_870,No,457,1562.24,ATM,2025-05-02 09:30,1
TXN_10660,CUST_951,Yes,1810,40553.4,Mobile,2025-07-11 17:14,1
TXN_10661,CUST_531,No,1887,14118.54,ATM,2025-04-08 21:45,0
TXN_10662,CUST_358,Yes,711,40451.83,POS,2025-04-10 15:16,1
TXN_10663,CUST_954,No,650,23637.05,POS,2025-02-07 16:55,0
TXN_10664,CUST_183,Yes,1989,17935.9,ATM,2025-04-22 00:18,0
TXN_10665,CUST_581,Yes,1891,29241.05,ATM,2025-08-26 14:24,0
TXN_10666,CUST_119,No,61,11714.83,Web,2025-06-23 10:33,1
TXN_10667,CUST_867,Yes,463,8065.28,Mobile,2025-06-24 01:06,1
TXN_10668,CUST_652,No,1949,12468.07,ATM,2025-08-23 17:40,1
TXN_10669,CUST_153,Yes,419,12133.52,Mobile,2025-04-01 13:39,1
TXN_10670,CUST_458,Yes,2000,26731.11,Mobile,2025-08-24 20:54,0
TXN_10671,CUST_329,Yes,1548,39582.74,Web,2025-03-11 10:17,1
TXN_10672,CUST_765,No,270,36879.3,POS,2025-03-10 03:16,0
TXN_10673,CUST_170,No,1559,38226.08,Mobile,2025-06-17 18:25,1
TXN_10674,CUST_899,Yes,1574,47395.34,Mobile,2025-04-29 21:47,1
TXN_10675,CUST_767,No,1010,28827.04,Mobile,2025-03-03 23:43,0
TXN_10676,CUST_141,No,1902,49134.97,Mobile,2025-05-31 06:33,0
TXN_10677,CUST_872,Yes,526,19482.28,POS,2025-03-28 21:44,0
TXN_10678,CUST_131,Yes,1454,46766.78,Web,2025-02-16 10:35,1
TXN_10679,CUST_353,Yes,1267,49577.94,Mobile,2025-01-03 21:00,1
TXN_10680,CUST_304,No,1471,8768.23,ATM,2025-08-01 02:00,0
TXN_10681,CUST_959,Yes,448,11903.9,POS,2025-04-16 03:33,0
TXN_10682,CUST_120,Yes,842,15968.42,Web,2025-01-27 21:28,1
TXN_10683,CUST_736,No,1904,36931.44,ATM,2025-03-31 07:46,0
TXN_10684,CUST_256,Yes,520,18003.28,ATM,2025-03-14 08:12,1
TXN_10685,CUST_344,No,1160,29618.97,ATM,2025-01-09 00:39,1
TXN_10686,CUST_229,Yes,688,35202.3,Mobile,2025-01-24 01:38,0
TXN_10687,CUST_584,No,1618,17648.94,Mobile,2025-06-18 06:38,0
TXN_10688,CUST_785,Yes,609,28425.8,ATM,2025-06-13 03:45,1
TXN_10689,CUST_217,Yes,809,7190.9,Web,2025-09-03 03:05,0
TXN_10690,CUST_677,Yes,984,47423.59,Mobile,2025-08-08 19:08,0
TXN_10691,CUST_323,No,1122,41851.17,Web,2025-04-07 21:48,0
TXN_10692,CUST_576,No,1358,40539.02,Mobile,2025-08-19 20:36,0
TXN_10693,CUST_816,Yes,765,48522.35,Mobile,2025-07-25 05:57,1
TXN_10694,CUST_362,Yes,661,27152.02,Mobile,2025-01-29 22:11,1
TXN_10695,CUST_885,No,565,8860.28,Web,2025-03-06 09:29,1
TXN_10696,CUST_477,Yes,766,1994.39,Mobile,2025-06-19 02:40,0
TXN_10697,CUST_271,Yes,1080,2902.78,Web,2025-04-27 08:49,0
TXN_10698,CUST_720,Yes,1837,30122.97,Mobile,2025-04-20 22:57,1
TXN_10699,CUST_721,No,1048,1094.41,POS,2025-06-20 10:16,1
TXN_10700,CUST_865,No,984,23951.65,Mobile,2025-02-11 02:17,1
TXN_10701,CUST_835,Yes,231,16653.53,ATM,2025-07-18 01:24,1
TXN_10702,CUST_217,No,1674,30745.32,Web,2025-04-10 10:03,0
TXN_10703,CUST_896,Yes,1509,40341.63,POS,2025-03-08 08:11,1
TXN_10704,CUST_938,No,991,17103.88,Web,2025-04-23 02:31,0
TXN_10705,CUST_267,Yes,1589,8955.25,Mobile,2025-09-08 06:39,1
TXN_10706,CUST_418,Yes,1749,40140.98,ATM,2025-04-11 05:41,0
TXN_10707,CUST_210,No,685,43424.03,ATM,2025-05-06 03:09,1
TXN_10708,CUST_692,Yes,1902,3071.84,ATM,2025-05-19 13:13,1
TXN_10709,CUST_126,Yes,446,7470.83,Mobile,2025-06-07 20:06,1
TXN_10710,CUST_419,No,789,35264.35,Mobile,2025-08-22 14:45,1
TXN_10711,CUST_689,No,670,7168.47,ATM,2025-03-08 03:02,1
TXN_10712,CUST_793,Yes,877,5634.94,Mobile,2025-01-19 02:36,1
TXN_10713,CUST_484,No,123,26362.11,Mobile,2025-07-06 08:49,0
TXN_10714,CUST_506,No,1182,18308.0,POS,2025-04-25 00:57,1
TXN_10715,CUST_832,No,1799,3719.33,Mobile,2025-05-08 04:41,1
TXN_10716,CUST_303,Yes,483,35256.45,POS,2025-06-13 00:59,0
TXN_10717,CUST_177,No,1548,33140.76,ATM,2025-01-10 21:24,1
TXN_10718,CUST_706,Yes,328,29342.23,Web,2025-03-10 04:44,1
TXN_10719,CUST_807,No,63,16894.4,Mobile,2025-03-26 12:36,0
TXN_10720,CUST_950,Yes,564,16197.9,ATM,2025-01-01 16:45,0
TXN_10721,CUST_742,Yes,1163,48795.45,ATM,2025-08-29 15:30,1
TXN_10722,CUST_348,No,1944,36644.37,Mobile,2025-04-22 12:54,1
TXN_10723,CUST_204,Yes,1226,21899.73,Web,2025-07-06 02:34,0
TXN_10724,CUST_813,Yes,1216,31999.37,Web,2025-02-27 00:24,0
TXN_10725,CUST_891,No,1504,24411.28,Mobile,2025-09-02 22:52,1
TXN_10726,CUST_408,No,885,15932.44,ATM,2025-07-19 15:07,0
TXN_10727,CUST_970,Yes,634,35388.43,Mobile,2025-05-26 17:59,1
TXN_10728,CUST_800,No,342,28142.67,Web,2025-04-02 10:43,1
TXN_10729,CUST_714,No,431,44491.05,Mobile,2025-03-19 12:03,1
TXN_10730,CUST_924,Yes,705,30724.08,ATM,2025-06-11 20:05,0
TXN_10731,CUST_223,Yes,501,17905.59,Web,2025-04-04 17:54,1
TXN_10732,CUST_915,Yes,807,33310.03,Web,2025-09-03 10:05,1
TXN_10733,CUST_679,No,1196,40741.27,Web,2025-08-04 14:48,0
TXN_10734,CUST_901,Yes,1736,18981.37,ATM,2025-07-16 09:41,0
TXN_10735,CUST_142,No,533,36726.35,Mobile,2025-02-21 05:35,1
TXN_10736,CUST_455,Yes,1052,14796.41,Web,2025-01-11 12:42,0
TXN_10737,CUST_645,Yes,1157,8967.64,ATM,2025-02-18 09:44,1
TXN_10738,CUST_538,Yes,1370,189.72,ATM,2025-04-10 03:40,1
TXN_10739,CUST_777,Yes,1962,35130.22,POS,2025-06-26 11:31,0
TXN_10740,CUST_479,No,1432,28684.46,Web,2025-01-22 20:28,0
TXN_10741,CUST_170,No,721,42552.77,ATM,2025-07-08 06:08,0
TXN_10742,CUST_618,No,557,38564.44,Mobile,2025-01-10 06:01,0
TXN_10743,CUST_763,No,1593,28417.39,ATM,2025-07-04 18:15,1
TXN_10744,CUST_449,No,1712,9185.88,ATM,2025-05-06 12:04,1
TXN_10745,CUST_112,Yes,1030,15979.02,POS,2025-07-22 17:41,0
TXN_10746,CUST_969,Yes,1511,40459.47,Web,2025-03-20 15:34,1
TXN_10747,CUST_530,No,1344,30607.92,ATM,2025-09-05 14:01,1
TXN_10748,CUST_942,No,1544,32018.37,Mobile,2025-01-10 10:03,1
TXN_10749,CUST_601,Yes,1034,5295.1,POS,2025-03-28 23:02,1
TXN_10750,CUST_208,No,973,24859.63,ATM,2025-04-14 03:13,0
TXN_10751,CUST_543,No,374,16625.3,Mobile,2025-07-26 20:42,0
TXN_10752,CUST_470,Yes,1530,3982.55,Web,2025-05-14 14:43,0
TXN_10753,CUST_750,No,1658,17405.83,POS,2025-08-11 17:09,1
TXN_10754,CUST_948,No,751,16043.98,ATM,2025-07-09 18:14,0
TXN_10755,CUST_570,No,376,31845.72,POS,2025-08-25 02:02,0
TXN_10756,CUST_824,No,316,48157.67,Mobile,2025-07-08 04:31,1
TXN_10757,CUST_256,No,1505,41100.92,Web,2025-06-17 00:30,0
TXN_10758,CUST_545,No,1149,33534.23,Web,2025-08-21 19:02,0
TXN_10759,CUST_280,Yes,1030,36491.37,Web,2025-03-04 22:41,1
TXN_10760,CUST_851,No,406,16853.9,Web,2025-02-03 00:11,1
TXN_10761,CUST_634,No,1907,668.64,ATM,2025-06-11 01:57,1
TXN_10762,CUST_766,No,1851,10563.25,Mobile,2025-03-20 03:29,1
TXN_10763,CUST_376,No,1140,34689.49,POS,2025-06-06 05:53,1
TXN_10764,CUST_730,Yes,1344,17589.01,ATM,2025-06-01 02:52,1
TXN_10765,CUST_927,No,1990,39372.3,POS,2025-07-29 03:07,1
TXN_10766,CUST_651,Yes,150,36048.64,Web,2025-05-08 19:51,0
TXN_10767,CUST_893,No,1103,2502.56,Mobile,2025-06-07 07:04,0
TXN_10768,CUST_595,Yes,99,21967.19,ATM,2025-07-25 06:27,0
TXN_10769,CUST_576,No,1748,21040.7,POS,2025-03-28 23:43,0
TXN_10770,CUST_546,No,1764,8400.29,POS,2025-04-13 10:07,1
TXN_10771,CUST_945,Yes,182,20759.56,ATM,2025-09-07 21:36,0
TXN_10772,CUST_848,Yes,1965,44100.36,POS,2025-05-20 04:20,1
TXN_10773,CUST_706,No,1705,17626.44,POS,2025-08-03 06:48,0
TXN_10774,CUST_374,No,1398,18829.84,ATM,2025-01-12 18:11,0
TXN_10775,CUST_430,No,129,41457.47,Mobile,2025-03-27 02:07,1
TXN_10776,CUST_972,No,1595,39457.63,ATM,2025-03-12 04:48,0
TXN_10777,CUST_351,No,43,28944.97,ATM,2025-04-17 05:44,0
TXN_10778,CUST_950,Yes,874,37936.35,Mobile,2025-04-05 17:10,0
TXN_10779,CUST_188,No,311,11356.58,POS,2025-04-23 07:59,1
TXN_10780,CUST_385,No,1755,22619.24,ATM,2025-05-29 01:08,1
TXN_10781,CUST_561,No,1321,39979.81,POS,2025-01-26 20:39,1
TXN_10782,CUST_349,Yes,503,1767.3,POS,2025-04-07 05:01,1
TXN_10783,CUST_868,No,169,1101.89,POS,2025-08-14 15:05,1
TXN_10784,CUST_575,No,1478,13130.27,ATM,2025-01-02 00:11,1
TXN_10785,CUST_683,No,339,5325.78,Mobile,2025-08-26 02:45,1
TXN_10786,CUST_724,Yes,48,17156.23,Web,2025-06-16 18:56,1
TXN_10787,CUST_784,Yes,477,44407.77,Mobile,2025-03-14 13:44,0
TXN_10788,CUST_488,No,1065,8129.13,ATM,2025-07-26 15:44,0
TXN_10789,CUST_444,No,963,3842.62,Mobile,2025-02-02 06:09,0
TXN_10790,CUST_129,Yes,794,47097.52,Web,2025-06-13 08:33,0
TXN_10791,CUST_606,Yes,153,48904.27,Mobile,2025-04-26 13:15,0
TXN_10792,CUST_971,Yes,1295,16963.73,ATM,2025-08-29 05:39,0
TXN_10793,CUST_432,No,1336,49265.28,POS,2025-06-27 01:38,0
TXN_10794,CUST_286,Yes,1395,44671.99,Web,2025-02-16 22:31,0
TXN_10795,CUST_599,Yes,1942,35254.78,Mobile,2025-06-06 02:40,0
TXN_10796,CUST_317,Yes,1292,21623.03,ATM,2025-07-31 09:22,0
TXN_10797,CUST_463,Yes,1899,32716.4,Web,2025-04-18 00:35,1
TXN_10798,CUST_916,No,1019,30405.15,Web,2025-03-02 06:07,0
TXN_10799,CUST_364,No,1380,21766.6,Mobile,2025-05-16 03:39,0
TXN_10800,CUST_448,No,1029,2772.43,ATM,2025-04-03 17:32,1
TXN_10801,CUST_386,Yes,62,16621.62,ATM,2025-02-26 14:49,0
TXN_10802,CUST_710,Yes,43,48722.48,Web,2025-06-10 21:13,0
TXN_10803,CUST_818,No,1119,20523.07,Web,2025-03-12 01:12,1
TXN_10804,CUST_382,No,1159,27750.21,POS,2025-01-29 04:43,1
TXN_10805,CUST_669,No,872,46286.12,Mobile,2025-08-05 15:31,0
TXN_10806,CUST_110,No,54,27052.26,POS,2025-02-15 05:42,1
TXN_10807,CUST_629,Yes,64,33063.83,Web,2025-08-25 01:03,1
TXN_10808,CUST_295,Yes,1114,14940.29,Web,2025-06-15 11:18,0
TXN_10809,CUST_187,No,1509,4886.2,ATM,2025-02-23 13:16,0
TXN_10810,CUST_347,No,592,19705.82,ATM,2025-03-27 19:51,0
TXN_10811,CUST_837,No,1127,27528.17,POS,2025-08-16 14:02,0
TXN_10812,CUST_516,No,617,24598.32,Web,2025-01-27 23:03,1
TXN_10813,CUST_600,Yes,65,2819.79,Mobile,2025-08-25 17:11,1
TXN_10814,CUST_668,Yes,1058,290.4,ATM,2025-02-10 00:31,1
TXN_10815,CUST_876,Yes,1695,4472.66,ATM,2025-05-12 03:04,0
TXN_10816,CUST_346,Yes,1459,41212.48,Web,2025-08-18 07:46,1
TXN_10817,CUST_807,No,1410,31292.04,Mobile,2025-04-24 18:37,0
TXN_10818,CUST_587,No,911,24068.39,POS,2025-03-25 13:12,0
TXN_10819,CUST_761,Yes,1681,4939.65,Mobile,2025-07-11 21:57,1
TXN_10820,CUST_828,No,1954,10426.95,Web,2025-03-25 07:49,1
TXN_10821,CUST_602,No,1893,31945.71,Mobile,2025-01-29 10:14,0
TXN_10822,CUST_558,No,397,48855.18,Mobile,2025-01-26 07:47,1
TXN_10823,CUST_911,Yes,249,23731.18,Web,2025-04-16 06:24,0
TXN_10824,CUST_117,No,1910,5863.9,POS,2025-08-17 07:04,0
TXN_10825,CUST_195,No,227,39265.34,Mobile,2025-05-01 18:31,1
TXN_10826,CUST_401,Yes,1103,23600.13,Web,2025-01-14 13:09,1
TXN_10827,CUST_326,Yes,334,44754.39,Mobile,2025-02-25 19:29,1
TXN_10828,CUST_514,Yes,523,13323.72,Web,2025-02-15 12:23,1
TXN_10829,CUST_808,Yes,423,32129.13,POS,2025-02-04 14:46,0
TXN_10830,CUST_349,No,1299,19437.6,ATM,2025-02-19 20:22,1
TXN_10831,CUST_413,Yes,1108,18613.92,POS,2025-09-07 08:12,1
TXN_10832,CUST_779,No,546,19134.11,ATM,2025-03-27 04:02,1
TXN_10833,CUST_695,Yes,1699,9410.49,ATM,2025-06-27 18:03,1
TXN_10834,CUST_477,No,755,2326.38,Mobile,2025-03-13 04:07,0
TXN_10835,CUST_584,No,577,22043.05,Web,2025-08-07 14:29,0
TXN_10836,CUST_666,Yes,1658,13243.7,Web,2025-04-18 05:48,0
TXN_10837,CUST_643,No,842,41870.23,Web,2025-03-29 07:56,1
TXN_10838,CUST_452,No,191,28255.9,POS,2025-03-17 19:10,1
TXN_10839,CUST_535,Yes,794,7641.42,POS,2025-07-22 20:39,0
TXN_10840,CUST_863,Yes,1994,34853.9,POS,2025-08-20 05:36,1
TXN_10841,CUST_663,No,861,4925.46,POS,2025-09-06 17:54,1
TXN_10842,CUST_438,Yes,970,33440.24,Mobile,2025-02-28 02:26,1
TXN_10843,CUST_460,Yes,1187,40428.19,Mobile,2025-08-08 16:31,0
TXN_10844,CUST_819,Yes,528,20757.93,ATM,2025-08-09 06:37,1
TXN_10845,CUST_564,Yes,1457,37847.2,ATM,2025-05-02 14:17,1
TXN_10846,CUST_377,Yes,492,11452.89,Web,2025-01-04 23:27,1
TXN_10847,CUST_413,No,644,3143.09,POS,2025-07-08 07:15,1
TXN_10848,CUST_357,Yes,1430,19416.59,Mobile,2025-03-25 13:37,0
TXN_10849,CUST_336,No,1725,26176.86,ATM,2025-02-26 18:09,0
TXN_10850,CUST_223,No,1766,48284.82,Web,2025-08-22 18:57,1
TXN_10851,CUST_838,No,195,34384.69,Web,2025-01-02 13:02,0
TXN_10852,CUST_297,Yes,1368,46824.44,POS,2025-01-11 15:46,1
TXN_10853,CUST_423,Yes,1787,28678.44,POS,2025-07-16 16:02,1
TXN_10854,CUST_222,Yes,1360,11858.54,Web,2025-04-19 16:25,1
TXN_10855,CUST_860,No,1585,15012.72,POS,2025-05-03 22:52,0
TXN_10856,CUST_648,No,94,19800.74,POS,2025-01-26 14:31,0
TXN_10857,CUST_880,No,221,42711.6,ATM,2025-03-03 02:35,1
TXN_10858,CUST_806,No,860,1832.95,ATM,2025-07-12 00:44,1
TXN_10859,CUST_289,No,806,28603.87,ATM,2025-07-07 13:13,0
TXN_10860,CUST_296,Yes,802,25889.19,Mobile,2025-02-03 11:18,1
TXN_10861,CUST_321,Yes,1161,28617.12,POS,2025-03-03 20:05,1
TXN_10862,CUST_856,No,1004,49139.46,ATM,2025-01-05 15:42,1
TXN_10863,CUST_595,Yes,144,7457.64,ATM,2025-03-20 05:45,1
TXN_10864,CUST_383,No,1334,47467.82,Web,2025-04-28 18:47,1
TXN_10865,CUST_841,No,49,22507.08,ATM,2025-05-30 00:29,0
TXN_10866,CUST_703,No,1469,47458.17,Web,2025-04-29 04:55,0
TXN_10867,CUST_878,Yes,380,8441.52,POS,2025-06-30 12:11,1
TXN_10868,CUST_637,Yes,199,10673.32,Web,2025-07-22 11:40,0
TXN_10869,CUST_711,Yes,1053,9717.03,ATM,2025-04-29 22:40,1
TXN_10870,CUST_389,No,1761,2229.53,Mobile,2025-01-01 20:04,0
TXN_10871,CUST_202,Yes,918,4010.59,Mobile,2025-04-09 22:21,0
TXN_10872,CUST_952,Yes,1350,34187.96,POS,2025-05-16 01:18,0
TXN_10873,CUST_298,Yes,1636,10175.77,ATM,2025-04-20 08:44,0
TXN_10874,CUST_403,No,708,41145.95,POS,2025-08-31 19:34,1
TXN_10875,CUST_332,Yes,1188,7479.12,Web,2025-05-28 06:50,0
TXN_10876,CUST_469,Yes,1787,29792.88,POS,2025-06-25 02:39,1
TXN_10877,CUST_283,No,225,16055.5,Mobile,2025-08-14 10:47,1
TXN_10878,CUST_409,Yes,1862,36382.44,POS,2025-08-27 01:32,1
TXN_10879,CUST_114,No,1111,40386.45,Web,2025-08-31 21:23,0
TXN_10880,CUST_825,No,1912,4442.67,ATM,2025-08-16 01:07,0
TXN_10881,CUST_646,Yes,117,27862.57,POS,2025-04-09 11:29,0
TXN_10882,CUST_229,No,500,27647.5,Web,2025-06-08 01:23,0
TXN_10883,CUST_380,Yes,462,42845.55,Mobile,2025-04-04 05:41,1
TXN_10884,CUST_146,No,1875,26032.44,ATM,2025-05-24 22:04,1
TXN_10885,CUST_155,Yes,1807,45866.38,POS,2025-05-24 22:49,1
TXN_10886,CUST_666,No,1447,716.95,POS,2025-02-22 04:21,0
TXN_10887,CUST_399,Yes,1847,35050.56,Mobile,2025-03-03 17:07,0
TXN_10888,CUST_814,Yes,1190,29420.05,POS,2025-06-16 15:47,0
TXN_10889,CUST_229,Yes,1003,39106.11,Mobile,2025-08-29 18:55,0
TXN_10890,CUST_753,Yes,585,5714.69,Mobile,2025-09-03 22:13,1
TXN_10891,CUST_989,No,125,7567.15,ATM,2025-07-12 23:48,1
TXN_10892,CUST_870,Yes,1922,28373.04,Mobile,2025-02-27 10:22,0
TXN_10893,CUST_602,Yes,182,29175.59,Mobile,2025-08-18 08:32,0
TXN_10894,CUST_205,Yes,1431,48245.1,Mobile,2025-06-24 13:17,0
TXN_10895,CUST_993,Yes,1925,5100.18,POS,2025-01-14 02:23,0
TXN_10896,CUST_112,No,604,5371.18,Mobile,2025-03-30 14:31,1
TXN_10897,CUST_687,Yes,1871,38999.28,Mobile,2025-05-09 16:53,1
TXN_10898,CUST_391,No,1142,39308.71,Mobile,2025-02-01 15:45,1
TXN_10899,CUST_580,Yes,1184,43387.02,Mobile,2025-05-17 21:52,1
TXN_10900,CUST_590,No,1377,44018.78,POS,2025-05-17 09:28,0
TXN_10901,CUST_551,No,97,43906.89,Mobile,2025-06-08 11:51,1
TXN_10902,CUST_448,No,397,13280.42,Web,2025-06-22 22:51,0
TXN_10903,CUST_288,No,1932,32773.9,Web,2025-09-08 02:12,0
TXN_10904,CUST_152,Yes,1771,28643.96,Web,2025-08-17 14:05,0
TXN_10905,CUST_358,No,674,23705.03,ATM,2025-01-21 12:57,1
TXN_10906,CUST_982,No,62,8692.77,Web,2025-02-15 09:04,1
TXN_10907,CUST_589,No,1999,20208.4,Web,2025-01-28 05:17,0
TXN_10908,CUST_216,Yes,454,30950.4,ATM,2025-01-29 22:09,0
TXN_10909,CUST_941,Yes,1232,34072.56,POS,2025-05-08 04:55,0
TXN_10910,CUST_166,Yes,325,20145.82,POS,2025-02-22 16:40,0
TXN_10911,CUST_510,No,1570,19850.06,ATM,2025-01-06 09:26,0
TXN_10912,CUST_603,No,1710,43959.99,POS,2025-09-06 21:34,0
TXN_10913,CUST_175,No,1489,34556.64,ATM,2025-08-27 04:30,0
TXN_10914,CUST_690,No,1711,2559.62,Mobile,2025-03-30 13:28,0
TXN_10915,CUST_744,Yes,845,23813.39,POS,2025-07-08 20:01,1
TXN_10916,CUST_802,No,1932,13502.36,ATM,2025-03-16 06:04,0
TXN_10917,CUST_154,Yes,187,18684.79,Mobile,2025-01-06 07:53,1
TXN_10918,CUST_255,No,642,16959.52,Mobile,2025-08-31 16:41,1
TXN_10919,CUST_252,No,362,39703.24,Web,2025-03-27 13:37,1
TXN_10920,CUST_930,No,1184,15616.37,ATM,2025-03-29 20:41,0
TXN_10921,CUST_676,No,522,42158.04,ATM,2025-07-21 10:31,0
TXN_10922,CUST_411,Yes,1190,42925.92,Web,2025-06-01 21:44,1
TXN_10923,CUST_187,No,1739,34274.12,POS,2025-05-16 17:28,1
TXN_10924,CUST_354,Yes,1769,48627.58,ATM,2025-04-28 09:36,0
TXN_10925,CUST_221,No,826,11475.07,Mobile,2025-02-03 09:10,0
TXN_10926,CUST_671,Yes,1416,15093.97,ATM,2025-07-22 08:14,0
TXN_10927,CUST_882,No,1866,37211.81,Web,2025-05-04 11:18,1
TXN_10928,CUST_526,Yes,1137,38724.14,ATM,2025-07-17 01:09,1
TXN_10929,CUST_720,No,709,16111.33,POS,2025-04-01 09:29,0
TXN_10930,CUST_710,No,816,36467.09,Web,2025-09-02 05:39,0
TXN_10931,CUST_909,Yes,1577,30288.46,Web,2025-08-25 05:45,1
TXN_10932,CUST_733,Yes,1544,4555.41,Mobile,2025-05-18 09:11,1
TXN_10933,CUST_331,Yes,316,22141.66,ATM,2025-09-07 05:53,1
TXN_10934,CUST_894,Yes,1648,45680.3,Web,2025-07-01 22:57,0
TXN_10935,CUST_635,No,1441,20417.8,POS,2025-06-20 04:10,0
TXN_10936,CUST_489,No,1513,24274.57,POS,2025-03-02 03:02,1
TXN_10937,CUST_561,No,190,25873.42,POS,2025-03-23 18:08,1
TXN_10938,CUST_553,Yes,1055,18758.12,Mobile,2025-04-23 08:23,1
TXN_10939,CUST_404,Yes,1556,2904.67,POS,2025-02-17 06:35,1
TXN_10940,CUST_980,No,738,39595.37,Mobile,2025-07-01 01:42,0
TXN_10941,CUST_702,No,139,3374.29,POS,2025-03-23 11:09,0
TXN_10942,CUST_539,Yes,230,35507.51,ATM,2025-04-06 14:34,1
TXN_10943,CUST_412,Yes,925,20228.92,POS,2025-09-07 05:34,0
TXN_10944,CUST_682,No,505,39047.77,POS,2025-03-19 03:58,0
TXN_10945,CUST_735,No,1747,26261.88,Mobile,2025-01-07 12:59,1
TXN_10946,CUST_161,No,185,28476.75,ATM,2025-05-08 04:29,1
TXN_10947,CUST_724,No,727,8769.49,ATM,2025-08-26 10:09,1
TXN_10948,CUST_857,No,1269,43771.51,Mobile,2025-01-02 23:34,1
TXN_10949,CUST_201,Yes,1604,10116.27,ATM,2025-09-07 16:21,1
TXN_10950,CUST_881,Yes,1287,2975.61,POS,2025-06-15 22:18,0
TXN_10951,CUST_312,No,1985,1750.25,POS,2025-05-02 09:48,1
TXN_10952,CUST_740,No,1249,2622.91,ATM,2025-05-27 21:09,0
TXN_10953,CUST_316,Yes,842,18082.72,POS,2025-07-24 18:46,0
TXN_10954,CUST_370,Yes,1614,10035.58,ATM,2025-08-21 14:21,0
TXN_10955,CUST_776,No,698,18480.76,Mobile,2025-06-26 03:46,0
TXN_10956,CUST_183,Yes,90,23264.5,Mobile,2025-05-03 01:08,1
TXN_10957,CUST_260,Yes,1328,19907.42,Mobile,2025-06-23 17:07,1
TXN_10958,CUST_345,No,589,46161.37,Web,2025-03-20 00:25,1
TXN_10959,CUST_277,No,1634,34090.6,POS,2025-06-08 07:28,0
TXN_10960,CUST_665,No,952,12172.71,Mobile,2025-04-02 02:20,1
TXN_10961,CUST_176,No,1034,24490.46,ATM,2025-01-15 19:41,0
TXN_10962,CUST_260,Yes,497,22360.56,ATM,2025-02-19 18:33,1
TXN_10963,CUST_102,Yes,758,48029.97,Mobile,2025-02-26 08:12,0
TXN_10964,CUST_518,No,1162,23781.66,Mobile,2025-01-06 02:34,0
TXN_10965,CUST_561,Yes,1957,27611.55,Mobile,2025-08-06 14:43,0
TXN_10966,CUST_805,No,798,17278.03,ATM,2025-06-21 02:32,1
TXN_10967,CUST_708,No,914,41898.92,Web,2025-04-11 06:31,1
TXN_10968,CUST_581,No,410,13007.13,Mobile,2025-03-23 19:38,1
TXN_10969,CUST_398,No,1422,41560.42,ATM,2025-05-11 01:58,1
TXN_10970,CUST_133,Yes,1229,4610.56,ATM,2025-06-20 11:25,1
TXN_10971,CUST_337,No,1383,1469.78,Mobile,2025-02-07 22:54,1
TXN_10972,CUST_395,Yes,808,2577.59,POS,2025-04-20 11:24,0
TXN_10973,CUST_823,Yes,205,42705.68,ATM,2025-04-06 00:18,1
TXN_10974,CUST_389,No,1611,39013.52,POS,2025-03-30 11:19,0
TXN_10975,CUST_819,No,1296,10794.5,POS,2025-09-08 14:55,1
TXN_10976,CUST_980,Yes,634,11145.42,Web,2025-05-24 02:13,1
TXN_10977,CUST_564,No,1664,11333.09,ATM,2025-07-06 14:47,0
TXN_10978,CUST_172,No,534,10415.88,Web,2025-04-17 14:18,1
TXN_10979,CUST_803,No,1490,32614.21,Mobile,2025-02-11 23:57,1
TXN_10980,CUST_339,Yes,180,25712.73,Web,2025-04-19 23:57,1
TXN_10981,CUST_370,Yes,198,43245.03,Mobile,2025-04-17 04:53,0
TXN_10982,CUST_906,Yes,578,48360.2,POS,2025-05-31 19:05,1
TXN_10983,CUST_910,No,345,34141.77,ATM,2025-02-06 06:19,0
TXN_10984,CUST_740,No,808,23757.45,Web,2025-05-02 16:21,0
TXN_10985,CUST_703,No,1487,6702.47,ATM,2025-01-17 18:48,1
TXN_10986,CUST_777,No,1635,8742.71,POS,2025-04-07 02:00,1
TXN_10987,CUST_923,Yes,1328,40063.15,POS,2025-04-15 20:58,0
TXN_10988,CUST_302,Yes,345,11266.12,POS,2025-03-11 13:11,1
TXN_10989,CUST_535,No,1544,30456.36,POS,2025-05-23 14:45,0
TXN_10990,CUST_217,Yes,827,47155.95,POS,2025-05-26 04:12,0
TXN_10991,CUST_657,Yes,678,35665.75,POS,2025-02-17 12:18,1
TXN_10992,CUST_330,Yes,768,35497.47,Web,2025-05-22 15:02,1
TXN_10993,CUST_763,Yes,248,13841.39,ATM,2025-07-30 09:53,0
TXN_10994,CUST_252,No,217,44784.6,Web,2025-05-30 09:31,0
TXN_10995,CUST_372,No,40,42594.15,POS,2025-05-24 23:29,0
TXN_10996,CUST_946,No,1961,23004.0,Mobile,2025-02-27 00:50,1
TXN_10997,CUST_245,Yes,661,10988.63,Mobile,2025-01-01 04:16,0
TXN_10998,CUST_173,Yes,940,15177.04,POS,2025-03-18 20:53,1
TXN_10999,CUST_161,No,767,26079.83,POS,2025-06-12 15:07,1
